{"hourly_usage":4,"_wandb":{"runtime":0},"_runtime":0.091781,"_timestamp":1.765177984615645e+09,"_step":1765173600,"daily_usage":39,"timestamp":1.7651736e+09}