{"_wandb":{"runtime":0},"_runtime":0.065367542,"_step":1765173600,"daily_tasks_run":35,"timestamp":1.7651736e+09,"_timestamp":1.765178487161087e+09,"hourly_tasks_run":5}