{"_wandb":{"runtime":0},"_runtime":0.095603375,"_step":1765173600,"daily_usage":310,"timestamp":1.7651736e+09,"_timestamp":1.7651779764817019e+09,"hourly_usage":41}