{"_step":1765173600,"daily_tasks_run":36,"hourly_tasks_run":3,"_wandb":{"runtime":0},"_runtime":0.058150208,"timestamp":1.7651736e+09,"_timestamp":1.7651784837250319e+09}