{"_step":1765173600,"daily_tasks_run":310,"hourly_tasks_run":41,"_runtime":0.105448375,"_wandb":{"runtime":0},"timestamp":1.7651736e+09,"_timestamp":1.765178482205138e+09}