{"_step":1765173600,"daily_usage":35,"timestamp":1.7651736e+09,"_timestamp":1.765177981326268e+09,"hourly_usage":5,"_wandb":{"runtime":0},"_runtime":0.069902708}