{"_wandb":{"runtime":0},"_runtime":0.063417375,"_timestamp":1.7651736e+09,"_step":1765173600,"daily_tasks_run":39,"datetime":"2025-12-08T06:00:00+00:00","hourly_tasks_run":4}