{"timestamp":1.7651736e+09,"hourly_tasks_run":4,"_runtime":0.057113583,"_wandb":{"runtime":0},"_timestamp":1.765178490235347e+09,"_step":1765173600,"daily_tasks_run":39}