{"timestamp":1.7651736e+09,"_timestamp":1.765177978192428e+09,"hourly_usage":3,"_runtime":0.06456075,"_wandb":{"runtime":0},"_step":1765173600,"daily_usage":36}