{"_step":1765173600,"daily_usage":39,"timestamp":1.7651736e+09,"_timestamp":1.765177989663542e+09,"hourly_usage":6,"_wandb":{"runtime":0},"_runtime":0.064849209}