{"_wandb":{"runtime":0},"_runtime":0.064948667,"daily_tasks_run":42,"timestamp":1.7651736e+09,"_timestamp":1.7651784920144582e+09,"_step":1765173600,"hourly_tasks_run":6}