{"daily_tasks_run":44,"timestamp":1.7651736e+09,"hourly_tasks_run":4,"_wandb":{"runtime":0},"_runtime":0.063758708,"_timestamp":1.765178493610333e+09,"_step":1765173600}