{"daily_usage":44,"timestamp":1.7651736e+09,"_timestamp":1.76517798809674e+09,"_step":1765173600,"hourly_usage":4,"_wandb":{"runtime":0},"_runtime":0.069107291}