{"daily_tasks_run":39,"timestamp":1.7651736e+09,"_timestamp":1.765178495258168e+09,"hourly_tasks_run":6,"_wandb":{"runtime":0},"_runtime":0.062942042,"_step":1765173600}