{"daily_tasks_run":35,"hourly_tasks_run":5,"_runtime":0.065479875,"_wandb":{"runtime":0},"datetime":"2025-12-08T06:00:00+00:00","_timestamp":1.7651736e+09,"_step":1765173600}