{"_timestamp":1.765178488717818e+09,"_step":1765173600,"daily_tasks_run":40,"hourly_tasks_run":8,"_wandb":{"runtime":0},"_runtime":0.058976,"timestamp":1.7651736e+09}