{"hourly_tasks_run":4,"_runtime":0.078093375,"_wandb":{"runtime":0},"_step":1765173600,"daily_tasks_run":44,"datetime":"2025-12-08T06:00:00+00:00","_timestamp":1.7651736e+09}