{"_runtime":0.070490334,"_wandb":{"runtime":0},"_step":1765173600,"daily_usage":42,"timestamp":1.7651736e+09,"_timestamp":1.765177986490981e+09,"hourly_usage":6}