{"daily_tasks_run":42,"datetime":"2025-12-08T06:00:00+00:00","_timestamp":1.7651736e+09,"hourly_tasks_run":6,"_wandb":{"runtime":0},"_runtime":0.060277459,"_step":1765173600}