{"hourly_usage":8,"_runtime":0.06496675,"_wandb":{"runtime":0},"daily_usage":40,"timestamp":1.7651736e+09,"_timestamp":1.765177982994587e+09,"_step":1765173600}